stream	id	layout	bytes	rgba_hash	stream_hash	encode_ns	project_exact
stream	clic-validation-000	default	8196184	464ce5db301ecb19	a6d6a17c6675f6b6	125052333	1
stream	clic-validation-000	single	8493940	464ce5db301ecb19	5039d3875dbd350d	68890416	1
stream	clic-validation-000	compact	8130642	464ce5db301ecb19	0f02a28355405c35	174206334	1
stream	clic-validation-000	low-latency	8259942	464ce5db301ecb19	205e5806964e04fc	166364375	1
stream	clic-validation-001	default	6591856	ac6ff401cad1e56a	68b56c067bc9991c	92977750	1
stream	clic-validation-001	single	6492644	ac6ff401cad1e56a	ccddbda4a25123e2	52057208	1
stream	clic-validation-001	compact	6257982	ac6ff401cad1e56a	8cdded93ea38d0c4	130659834	1
stream	clic-validation-001	low-latency	6309214	ac6ff401cad1e56a	ba19efae1920b5b5	126025292	1
stream	clic-validation-002	default	6836132	53073efbc9fbc324	261ce55b789a8713	90648292	1
stream	clic-validation-002	single	7003512	53073efbc9fbc324	c89bf736feb661ec	51476708	1
stream	clic-validation-002	compact	5799410	53073efbc9fbc324	44ed3741c525c80c	128606167	1
stream	clic-validation-002	low-latency	5942826	53073efbc9fbc324	af8571cc2446a9be	122944709	1
stream	clic-validation-003	default	6725608	2d0e74cba29a55a5	d2a1f30bece4c899	91855625	1
stream	clic-validation-003	single	6632596	2d0e74cba29a55a5	b3ff513e8d196139	54040375	1
stream	clic-validation-003	compact	6050450	2d0e74cba29a55a5	e907a2e37937e785	132225083	1
stream	clic-validation-003	low-latency	6126922	2d0e74cba29a55a5	7d6a58d075d31a26	129413333	1
stream	clic-validation-004	default	5940292	4545a7582ba384f7	135de3a9848c7d1d	127728542	1
stream	clic-validation-004	single	6217656	4545a7582ba384f7	01bf0bc9a20a49c7	54323250	1
stream	clic-validation-004	compact	5328258	4545a7582ba384f7	06ddd8677593609e	132187917	1
stream	clic-validation-004	low-latency	5437070	4545a7582ba384f7	2dc381d95ce7a611	132242292	1
stream	clic-validation-005	default	5929020	d810c411c455be8c	a45b086411ebc930	120249166	1
stream	clic-validation-005	single	5914660	d810c411c455be8c	9e4e532e51bb2237	50814125	1
stream	clic-validation-005	compact	5539552	d810c411c455be8c	38ab4fcd4b83074a	123783000	1
stream	clic-validation-005	low-latency	5390698	d810c411c455be8c	2221ba24f8b7e39a	125689042	1
stream	clic-validation-006	default	5931342	f1f4f6e7dfa0083f	7f40b5938c070999	126963583	1
stream	clic-validation-006	single	6064388	f1f4f6e7dfa0083f	60f8200f90969775	52576667	1
stream	clic-validation-006	compact	5188746	f1f4f6e7dfa0083f	dc82c3867cd27ef5	133226250	1
stream	clic-validation-006	low-latency	5209140	f1f4f6e7dfa0083f	09cead9651c5fb23	132822125	1
stream	clic-validation-007	default	8390522	228a2c6b57b23249	75ec03b1b44dd461	120958500	1
stream	clic-validation-007	single	8713390	228a2c6b57b23249	d96f5c309a92a9ac	83696375	1
stream	clic-validation-007	compact	7922454	228a2c6b57b23249	cab5aafc5dbe6bc5	175490250	1
stream	clic-validation-007	low-latency	8112576	228a2c6b57b23249	4bc674812323efaf	171871041	1
stream	clic-validation-008	default	4821292	dec398a774c113a2	a75b50d6c8626dc7	98725917	1
stream	clic-validation-008	single	5324192	dec398a774c113a2	a1f70e8403b36ea4	44166291	1
stream	clic-validation-008	compact	4327522	dec398a774c113a2	41057fcac4692baf	109140375	1
stream	clic-validation-008	low-latency	4391630	dec398a774c113a2	9c8d110f84c6ab0f	105872875	1
stream	clic-validation-009	default	4585812	6bc0d1593454772e	84632eb9c3e8e347	100695958	1
stream	clic-validation-009	single	5408128	6bc0d1593454772e	e0d7562793c6ff87	45422584	1
stream	clic-validation-009	compact	5063414	6bc0d1593454772e	5cec33e99360af39	108476625	1
stream	clic-validation-009	low-latency	5114026	6bc0d1593454772e	cd11260673851ac2	107594250	1
stream	clic-validation-010	default	4596850	c9e307df409044b5	4e78b1e713c05022	62298584	1
stream	clic-validation-010	single	4753502	c9e307df409044b5	e9c4995858859ccd	35012125	1
stream	clic-validation-010	compact	3997470	c9e307df409044b5	e39fa39b81d063c4	92713500	1
stream	clic-validation-010	low-latency	4032212	c9e307df409044b5	b3f35799b19cb083	90221541	1
stream	clic-validation-011	default	2219464	209831bda5d4627c	34496a363e4130be	28862875	1
stream	clic-validation-011	single	2089316	209831bda5d4627c	3bb5281d1bca622c	16476334	1
stream	clic-validation-011	compact	1961344	209831bda5d4627c	9e7fedd69fae81d4	41945209	1
stream	clic-validation-011	low-latency	2023660	209831bda5d4627c	0dee869344112095	39369583	1
stream	clic-validation-012	default	5327640	3670defafa50ea4e	974970776d77cc97	78786334	1
stream	clic-validation-012	single	5484646	3670defafa50ea4e	c91242b4704f5bee	43491333	1
stream	clic-validation-012	compact	4891824	3670defafa50ea4e	c7ca321d2e5ff1ef	114639041	1
stream	clic-validation-012	low-latency	5008486	3670defafa50ea4e	c8a6ca1f27fee40c	111217250	1
stream	clic-validation-013	default	5522704	1cd21726ef8f533f	cffb1a687a67d8c4	78571542	1
stream	clic-validation-013	single	5657146	1cd21726ef8f533f	13368cae9db9e711	45230875	1
stream	clic-validation-013	compact	5058144	1cd21726ef8f533f	018d6fc3bf5a4998	114069916	1
stream	clic-validation-013	low-latency	5153972	1cd21726ef8f533f	d0fd577c198f05ca	111581625	1
stream	clic-validation-014	default	5417568	c2a93c8908bfb686	50c467e373e874e9	79065958	1
stream	clic-validation-014	single	5843580	c2a93c8908bfb686	347b4f1adcf1aff0	45283208	1
stream	clic-validation-014	compact	5293592	c2a93c8908bfb686	6839d747d9b3ecd3	111815291	1
stream	clic-validation-014	low-latency	5386808	c2a93c8908bfb686	2f0e2ce078dfa0e0	108063542	1
stream	clic-validation-015	default	5769074	c250b581a7aef503	917c347063502833	78056709	1
stream	clic-validation-015	single	5756418	c250b581a7aef503	fecd974faf6423db	44796542	1
stream	clic-validation-015	compact	5656200	c250b581a7aef503	e1e43c8a3678dc0d	112414667	1
stream	clic-validation-015	low-latency	5684412	c250b581a7aef503	e4114154d23303f0	108359083	1
stream	clic-validation-016	default	5331074	93bac67a01bb76e9	ea97b8fd9e601bd7	106690375	1
stream	clic-validation-016	single	5719120	93bac67a01bb76e9	fae47d708de26593	45389833	1
stream	clic-validation-016	compact	4555750	93bac67a01bb76e9	d74e0485d62c6a97	112505709	1
stream	clic-validation-016	low-latency	4701704	93bac67a01bb76e9	709af32520817fe5	113140667	1
stream	clic-validation-017	default	6910582	5976bb2cf09b055b	9dca386baa84de75	161251250	1
stream	clic-validation-017	single	7456520	5976bb2cf09b055b	9d34d150d714ba66	71203375	1
stream	clic-validation-017	compact	6691500	5976bb2cf09b055b	ec0a33bc3dd53d6d	171002542	1
stream	clic-validation-017	low-latency	6719656	5976bb2cf09b055b	00d466397d9cf7a6	168460125	1
stream	clic-validation-018	default	5479718	01f4dfd39c9dcea8	586971827b38044c	106253667	1
stream	clic-validation-018	single	5461664	01f4dfd39c9dcea8	07d1df74aefe3a34	43829083	1
stream	clic-validation-018	compact	5115144	01f4dfd39c9dcea8	61a83d9e32466dda	112928958	1
stream	clic-validation-018	low-latency	5118420	01f4dfd39c9dcea8	eb054bdbdfb3c853	110354417	1
stream	clic-validation-019	default	4600256	baa5e95011876f48	9cd109890f83cfcb	103639375	1
stream	clic-validation-019	single	5781646	baa5e95011876f48	863270b6e9837312	45758125	1
stream	clic-validation-019	compact	5039696	baa5e95011876f48	b07bddc8d312f434	112820375	1
stream	clic-validation-019	low-latency	5108948	baa5e95011876f48	fc80d328d4116136	107475708	1
stream	clic-validation-020	default	6941342	dc09bc9dbb42193d	013e51c9f7b09046	92338083	1
stream	clic-validation-020	single	6827556	dc09bc9dbb42193d	5c12809daf0176f6	53388875	1
stream	clic-validation-020	compact	6358216	dc09bc9dbb42193d	466e96893e179b35	128628958	1
stream	clic-validation-020	low-latency	6430820	dc09bc9dbb42193d	a70878ccda5dadb3	121567917	1
stream	clic-validation-021	default	4572734	f6f48492d10740e0	33fb46ef6ba1f5a1	106100667	1
stream	clic-validation-021	single	5339060	f6f48492d10740e0	ccd8b949dd571e63	44243500	1
stream	clic-validation-021	compact	4565070	f6f48492d10740e0	e6ea7751bb0fa96c	111286583	1
stream	clic-validation-021	low-latency	4693378	f6f48492d10740e0	eeacf5658ce6dae5	109617625	1
stream	clic-validation-022	default	5589618	09fa4e4fe6aa63d6	63ff83e12942115c	125334583	1
stream	clic-validation-022	single	6415554	09fa4e4fe6aa63d6	81be446d2a8c556c	51980666	1
stream	clic-validation-022	compact	5628196	09fa4e4fe6aa63d6	52980d6296da50c6	125310250	1
stream	clic-validation-022	low-latency	5628318	09fa4e4fe6aa63d6	f1df5dd2f587a11e	120593958	1
stream	clic-validation-023	default	5744942	f8a29bed56822898	888a89a2372efb77	93451667	1
stream	clic-validation-023	single	6765154	f8a29bed56822898	568cb7d093250c0e	53856000	1
stream	clic-validation-023	compact	5856188	f8a29bed56822898	14a3cbdb5772f655	129332542	1
stream	clic-validation-023	low-latency	5979252	f8a29bed56822898	86417f977d44787c	127752250	1
stream	clic-validation-024	default	7019090	c4f8779afc3c9993	ca818c55ee444c38	166198917	1
stream	clic-validation-024	single	7803852	c4f8779afc3c9993	2b254c8e6f28a585	69521459	1
stream	clic-validation-024	compact	7349344	c4f8779afc3c9993	fabb08f2175b9ae9	167236792	1
stream	clic-validation-024	low-latency	7363364	c4f8779afc3c9993	382bb2aa62af6523	163955875	1
stream	clic-validation-025	default	8105312	726fd24483d342a3	14064fada69e6df1	160576167	1
stream	clic-validation-025	single	8753828	726fd24483d342a3	88776ca0eb6a5eff	67644416	1
stream	clic-validation-025	compact	7869586	726fd24483d342a3	8e2bafa718f19a77	167075958	1
stream	clic-validation-025	low-latency	8063140	726fd24483d342a3	7e0fa761ed6d5c04	159046584	1
stream	clic-validation-026	default	8891084	9c668909712280e2	e83172a721992628	124299667	1
stream	clic-validation-026	single	8945248	9c668909712280e2	bdd9b7333c7ec25f	70447042	1
stream	clic-validation-026	compact	8259084	9c668909712280e2	f45a79434b11b0a8	175392250	1
stream	clic-validation-026	low-latency	8349358	9c668909712280e2	10688eb18b045ed4	173974917	1
stream	clic-validation-027	default	5964034	6d7a3d538daf3164	d105f56dc1320a20	160555791	1
stream	clic-validation-027	single	7990348	6d7a3d538daf3164	2f4201b725bd4cff	67861542	1
stream	clic-validation-027	compact	6933844	6d7a3d538daf3164	bb6c90c7c8ce176a	167941375	1
stream	clic-validation-027	low-latency	7076126	6d7a3d538daf3164	08c61a1a756bc696	165807708	1
stream	clic-validation-028	default	6561444	6ac585fda881c351	c958a95e38a9e533	162771208	1
stream	clic-validation-028	single	7485068	6ac585fda881c351	ad191fb630d37ccb	65432625	1
stream	clic-validation-028	compact	7265392	6ac585fda881c351	06e5e235e1a82103	159651834	1
stream	clic-validation-028	low-latency	7360348	6ac585fda881c351	3288c8c84e053dd9	156297334	1
stream	clic-validation-029	default	6136958	df06568e13cc5010	e19d3f3f0bbf0d48	157417500	1
stream	clic-validation-029	single	6878640	df06568e13cc5010	0579eb1a024fe4c9	65413292	1
stream	clic-validation-029	compact	6107890	df06568e13cc5010	f3e390306bdceba2	157109292	1
stream	clic-validation-029	low-latency	6030840	df06568e13cc5010	0038173aae5c4cbc	152831750	1
stream	clic-validation-030	default	8570450	aaa1f8d564d01733	7978c1986d620158	158211583	1
stream	clic-validation-030	single	8832266	aaa1f8d564d01733	eb4d3c1c482d126b	68581917	1
stream	clic-validation-030	compact	8257108	aaa1f8d564d01733	b05bd6d94c5eec76	164735458	1
stream	clic-validation-030	low-latency	8705786	aaa1f8d564d01733	cce495777e9bf98d	160078875	1
stream	clic-validation-031	default	7531522	13b35a79be3ad589	705e73f85c54bdc5	163948000	1
stream	clic-validation-031	single	8103604	13b35a79be3ad589	dc31525b84c14546	67994125	1
stream	clic-validation-031	compact	7174330	13b35a79be3ad589	25794fd98a943f36	168656458	1
stream	clic-validation-031	low-latency	7277258	13b35a79be3ad589	101739cfd5e60743	164337541	1
stream	clic-validation-032	default	7299398	501e9493c3e82317	9d44bcde25f403ca	159397375	1
stream	clic-validation-032	single	7422746	501e9493c3e82317	0797eed6599391af	71664709	1
stream	clic-validation-032	compact	6915788	501e9493c3e82317	e12aaa37425a5e15	169000833	1
stream	clic-validation-032	low-latency	6987574	501e9493c3e82317	2126e8c389111622	165404334	1
stream	clic-validation-033	default	8069182	89041b7b8d7ab9ff	afaf3e0195b4b852	159067833	1
stream	clic-validation-033	single	8987044	89041b7b8d7ab9ff	4da1386652c785c3	68722625	1
stream	clic-validation-033	compact	8462362	89041b7b8d7ab9ff	b152258efbfb45be	169359667	1
stream	clic-validation-033	low-latency	8431672	89041b7b8d7ab9ff	5214c4c49c246a83	160172959	1
stream	clic-validation-034	default	8618366	9ab537cee8a6f725	171b788311b0b504	119959292	1
stream	clic-validation-034	single	9017490	9ab537cee8a6f725	be80cb6d8ba9bc9e	67906500	1
stream	clic-validation-034	compact	8425850	9ab537cee8a6f725	c60a77ee228fbe0f	173625000	1
stream	clic-validation-034	low-latency	8475800	9ab537cee8a6f725	8c9291363f667e1b	173723333	1
stream	clic-validation-035	default	8048070	1c7cba4a5059cb2d	63a3dec85e82506b	164821417	1
stream	clic-validation-035	single	8945746	1c7cba4a5059cb2d	09343fba1db70948	68500209	1
stream	clic-validation-035	compact	8124282	1c7cba4a5059cb2d	0935beeb6715c7da	171549250	1
stream	clic-validation-035	low-latency	8055284	1c7cba4a5059cb2d	412e6979ef098033	163515000	1
stream	clic-validation-036	default	8305656	8a82094490cf3de6	0365d1572d567266	122094083	1
stream	clic-validation-036	single	8414648	8a82094490cf3de6	d91a2a953faf60b0	68041917	1
stream	clic-validation-036	compact	7281758	8a82094490cf3de6	dbba36b7f776979d	172102000	1
stream	clic-validation-036	low-latency	7368046	8a82094490cf3de6	85cf78c6599ce065	168811208	1
stream	clic-validation-037	default	8246464	3a910c171731cab6	cd13ea9f345f9acf	164167042	1
stream	clic-validation-037	single	8406362	3a910c171731cab6	42315527d2c40c17	68575541	1
stream	clic-validation-037	compact	7772372	3a910c171731cab6	5d2756e807704ab1	171950916	1
stream	clic-validation-037	low-latency	7805588	3a910c171731cab6	0c2c1cf96dc34b0a	170383750	1
stream	clic-validation-038	default	7673578	ad437832dec9a2fb	c9bd6323e54be299	160431125	1
stream	clic-validation-038	single	8836622	ad437832dec9a2fb	91b417aafb492e96	68161292	1
stream	clic-validation-038	compact	8140256	ad437832dec9a2fb	16c4160b4af1b939	168146125	1
stream	clic-validation-038	low-latency	8129706	ad437832dec9a2fb	d882db21b5bd96f3	163210084	1
stream	clic-validation-039	default	8203404	79092bf051e7b7fa	957b503e8305d00c	159662208	1
stream	clic-validation-039	single	8403690	79092bf051e7b7fa	86944a67c821274f	68023458	1
stream	clic-validation-039	compact	7163302	79092bf051e7b7fa	71b90b977929d8ff	171306541	1
stream	clic-validation-039	low-latency	7174990	79092bf051e7b7fa	db4ccf38a773a2bc	163484417	1
stream	clic-validation-040	default	7870646	f1cedda480b841a2	89c832a24962a8ec	161344709	1
stream	clic-validation-040	single	7945870	f1cedda480b841a2	0925d81676a3feab	69386125	1
stream	clic-validation-040	compact	6948508	f1cedda480b841a2	4ebc4f813c05112a	166292375	1
stream	clic-validation-040	low-latency	7112000	f1cedda480b841a2	c32e1fa0c6d2c711	162409500	1
stream	clic-validation-041	default	8610668	aed7b30146b1299b	4ec1137176c41a23	119924750	1
stream	clic-validation-041	single	9093590	aed7b30146b1299b	65607cb3dd5d5db0	69023959	1
stream	clic-validation-041	compact	8085038	aed7b30146b1299b	5c31e4ccd8c92e01	178090166	1
stream	clic-validation-041	low-latency	8245686	aed7b30146b1299b	e55ff5943d94f4a2	171692541	1
stream	clic-validation-042	default	8454476	d374f2da92caad32	7f938d5131502dfa	120614125	1
stream	clic-validation-042	single	9104760	d374f2da92caad32	245de607196767e8	69313375	1
stream	clic-validation-042	compact	8347186	d374f2da92caad32	66c9b9f979182a86	174222500	1
stream	clic-validation-042	low-latency	8621620	d374f2da92caad32	31b92d06196bd103	168212916	1
stream	clic-validation-043	default	8701170	7818477b1034b62d	b6e15ac479370c03	119381709	1
stream	clic-validation-043	single	9068048	7818477b1034b62d	a1c8fa39949cfd10	69738833	1
stream	clic-validation-043	compact	7924562	7818477b1034b62d	f3ab0d02363f8810	178350458	1
stream	clic-validation-043	low-latency	8110152	7818477b1034b62d	b2780ef698aadaf1	171357708	1
stream	clic-validation-044	default	8235844	a83ce22bd465eb02	152d7056ff10d95a	123023500	1
stream	clic-validation-044	single	8654750	a83ce22bd465eb02	51337fe8473f2825	71183167	1
stream	clic-validation-044	compact	7873888	a83ce22bd465eb02	22adbf6c7dcf765f	172751000	1
stream	clic-validation-044	low-latency	8131272	a83ce22bd465eb02	3e125060d34e1115	165409000	1
stream	clic-validation-045	default	8371812	ca777343f34b5416	c2f1ed6890f832f0	120734167	1
stream	clic-validation-045	single	8470372	ca777343f34b5416	3f19581b4cf0ef36	66358375	1
stream	clic-validation-045	compact	7900172	ca777343f34b5416	1e710a98f0e62d32	172985167	1
stream	clic-validation-045	low-latency	8110572	ca777343f34b5416	5385a9c2b4241a6b	168927791	1
stream	clic-validation-046	default	8322816	e7c7cc29fb49f262	bd03e5dae6b41646	120783500	1
stream	clic-validation-046	single	8780082	e7c7cc29fb49f262	6aa25a5b058f2c1e	70489042	1
stream	clic-validation-046	compact	7848400	e7c7cc29fb49f262	9157d174b7537ea2	171792625	1
stream	clic-validation-046	low-latency	7954172	e7c7cc29fb49f262	dc84bc7479e6314e	168994375	1
stream	clic-validation-047	default	8190702	8be5f67dfe34ad0f	73040765cba853da	160596583	1
stream	clic-validation-047	single	8899676	8be5f67dfe34ad0f	8ef50338447bf75e	69127875	1
stream	clic-validation-047	compact	7957054	8be5f67dfe34ad0f	946ad2afdb6f128c	176665167	1
stream	clic-validation-047	low-latency	8191412	8be5f67dfe34ad0f	3bf25bdece1d9287	164634625	1
stream	clic-validation-048	default	8200010	06bf4b56910696cc	aaf19931325b1edf	120060500	1
stream	clic-validation-048	single	8387112	06bf4b56910696cc	b3eed10d0b56c187	68087000	1
stream	clic-validation-048	compact	7906474	06bf4b56910696cc	fde4f17e259d3ea7	168154875	1
stream	clic-validation-048	low-latency	7848440	06bf4b56910696cc	5ef837660d6a9be4	160947625	1
stream	clic-validation-049	default	8104132	814cc2e010233753	886cd2f9cddf70d3	156347875	1
stream	clic-validation-049	single	8814616	814cc2e010233753	e37435998b3bb556	66418333	1
stream	clic-validation-049	compact	7822290	814cc2e010233753	1af2f745efbcd0a1	166233875	1
stream	clic-validation-049	low-latency	8108738	814cc2e010233753	9318ded65bfad8db	161039666	1
stream	clic-validation-050	default	8183580	1c6b2a5a359f4035	6347de51a1ae2ed3	153210208	1
stream	clic-validation-050	single	8156160	1c6b2a5a359f4035	91e8ea4e99635baf	65579375	1
stream	clic-validation-050	compact	7378716	1c6b2a5a359f4035	f3471e5f5f5368ed	158878875	1
stream	clic-validation-050	low-latency	7478216	1c6b2a5a359f4035	9b2252deaf3aaede	154365542	1
stream	clic-validation-051	default	9078640	dc43a21b528a52af	6fc2e40a0662d091	116800375	1
stream	clic-validation-051	single	9177716	dc43a21b528a52af	4ff45042a9c93e12	67356916	1
stream	clic-validation-051	compact	8580442	dc43a21b528a52af	0e60d4b7f49b078a	165847417	1
stream	clic-validation-051	low-latency	8648696	dc43a21b528a52af	0163d8d4eda3311b	158042291	1
stream	clic-validation-052	default	8271928	149fd000ac879d77	c3a54ea556149b45	118522833	1
stream	clic-validation-052	single	8614622	149fd000ac879d77	ffcdb6c7f46fa770	70794166	1
stream	clic-validation-052	compact	7718096	149fd000ac879d77	e7ee77236c497597	173224458	1
stream	clic-validation-052	low-latency	7997574	149fd000ac879d77	dfc55b1cbdc781b8	168028000	1
stream	clic-validation-053	default	7923438	ad599d393581e189	7817916eb3ff8f0d	159777667	1
stream	clic-validation-053	single	8049350	ad599d393581e189	9bb51ba7d72dd060	70387167	1
stream	clic-validation-053	compact	7672802	ad599d393581e189	46fa782cc9e95d80	171209875	1
stream	clic-validation-053	low-latency	7683910	ad599d393581e189	7a7d572313b0908c	167106709	1
stream	clic-validation-054	default	7051680	d292d8ca90867bc6	1a3a03b2e384726c	166711000	1
stream	clic-validation-054	single	8164480	d292d8ca90867bc6	693691c4da19cf07	67174167	1
stream	clic-validation-054	compact	7105098	d292d8ca90867bc6	e2dc8d6b7d449bd1	169934833	1
stream	clic-validation-054	low-latency	7334782	d292d8ca90867bc6	e144efa73bdd5386	164644125	1
stream	clic-validation-055	default	7611432	d33a88aac4b357c5	b426e77645fb0031	158148292	1
stream	clic-validation-055	single	8452586	d33a88aac4b357c5	62b51b6cbbf9f424	70869208	1
stream	clic-validation-055	compact	7806344	d33a88aac4b357c5	319c8bc631d8e3c5	168617375	1
stream	clic-validation-055	low-latency	7568426	d33a88aac4b357c5	a8f3c529eb969d66	165362500	1
stream	clic-validation-056	default	5822720	84914adfe7d334cb	de46494ee1c155fb	77659792	1
stream	clic-validation-056	single	5498758	84914adfe7d334cb	b2cf53ea0f642a73	43318583	1
stream	clic-validation-056	compact	5090268	84914adfe7d334cb	6aafc02c59cdc96d	114542667	1
stream	clic-validation-056	low-latency	5167842	84914adfe7d334cb	4c98d5b956b4dd89	108677083	1
stream	clic-validation-057	default	5630838	ae13714cc241d1f3	5b39c3431cc8ee83	79918375	1
stream	clic-validation-057	single	5653454	ae13714cc241d1f3	2c2ea49707755bbd	47569209	1
stream	clic-validation-057	compact	5021628	ae13714cc241d1f3	8a91fd978f9e20ae	118146208	1
stream	clic-validation-057	low-latency	5152288	ae13714cc241d1f3	9e66e442c3a7008d	116410209	1
stream	clic-validation-058	default	4540842	cb8306f1813951d5	37708435cf56ea1a	106818000	1
stream	clic-validation-058	single	5371936	cb8306f1813951d5	beba9cf887d167de	44846042	1
stream	clic-validation-058	compact	4943622	cb8306f1813951d5	f0d98ea340e5cc36	110106875	1
stream	clic-validation-058	low-latency	4935030	cb8306f1813951d5	c9a567ae5428fb24	106638500	1
stream	clic-validation-059	default	4391286	a2601af7c1aac2c0	a86c98f5c9787a18	96843208	1
stream	clic-validation-059	single	3988980	a2601af7c1aac2c0	80eb72bbc45b1a8e	36658083	1
stream	clic-validation-059	compact	3595402	a2601af7c1aac2c0	69adcfc255381ad9	89369209	1
stream	clic-validation-059	low-latency	3675422	a2601af7c1aac2c0	a52385b5f9ece816	121839458	1
stream	clic-validation-060	default	5711044	efb96945bd56bc03	8fde6a0d92c18a8f	102120583	1
stream	clic-validation-060	single	4870430	efb96945bd56bc03	c50b5b644073a568	44263250	1
stream	clic-validation-060	compact	4515910	efb96945bd56bc03	7078bde68f18facd	109659458	1
stream	clic-validation-060	low-latency	4575774	efb96945bd56bc03	054b76e5a1cdac46	107860875	1
stream	clic-validation-061	default	8261616	e8084be0f5a719a0	a5a584cfbdce2c95	105791833	1
stream	clic-validation-061	single	7757474	e8084be0f5a719a0	306ef351ede446cf	62668833	1
stream	clic-validation-061	compact	7438600	e8084be0f5a719a0	6fb544971c631800	144076084	1
stream	clic-validation-061	low-latency	7429254	e8084be0f5a719a0	fa2702cc5aaf2ddb	139848417	1
stream	clic-validation-062	default	7067762	c9c636ba9ac69b56	c51211f1a93e54cb	137184958	1
stream	clic-validation-062	single	6596034	c9c636ba9ac69b56	d754a72505035436	55026542	1
stream	clic-validation-062	compact	6121602	c9c636ba9ac69b56	3b8b548c5a6bbb91	135384083	1
stream	clic-validation-062	low-latency	6162162	c9c636ba9ac69b56	2fa0fd35233306cc	133359292	1
stream	clic-validation-063	default	6939672	f3db58ec142c60fb	daf573d513bc997e	94595417	1
stream	clic-validation-063	single	6954136	f3db58ec142c60fb	d200b444c72fa1ec	57055375	1
stream	clic-validation-063	compact	6445414	f3db58ec142c60fb	41c775829e8b5abc	140379709	1
stream	clic-validation-063	low-latency	6534318	f3db58ec142c60fb	b29de0471512ce00	135719709	1
stream	clic-validation-064	default	8139084	d2309143462391f3	4c3f818dc41d627c	107842375	1
stream	clic-validation-064	single	8265838	d2309143462391f3	3cc9b37a6e786993	61196042	1
stream	clic-validation-064	compact	7719328	d2309143462391f3	70798c125f7a0677	150576459	1
stream	clic-validation-064	low-latency	7878280	d2309143462391f3	5a610d2a29025872	142259291	1
stream	clic-validation-065	default	7397698	ad51c0a7a72a60af	2fba1dbf32bfa43a	111352292	1
stream	clic-validation-065	single	7530648	ad51c0a7a72a60af	14678eac2109ec98	64176083	1
stream	clic-validation-065	compact	6898214	ad51c0a7a72a60af	fd7603d18be8a42d	165290417	1
stream	clic-validation-065	low-latency	6856728	ad51c0a7a72a60af	26f38f7f8712f763	150071250	1
stream	clic-validation-066	default	3955136	2776d792bd08e4c8	3e00df9e5d4a1fcb	81024375	1
stream	clic-validation-066	single	4007076	2776d792bd08e4c8	abf960e9f7fb8de6	32516834	1
stream	clic-validation-066	compact	3437954	2776d792bd08e4c8	6d29c0af326ae338	80838916	1
stream	clic-validation-066	low-latency	3463560	2776d792bd08e4c8	2c6ff3c287bff9bd	78805083	1
stream	clic-validation-067	default	8213958	bc771b35afb288d9	88d82a85cb641928	144972167	1
stream	clic-validation-067	single	7797260	bc771b35afb288d9	81ca2832ad73940e	63239625	1
stream	clic-validation-067	compact	7149540	bc771b35afb288d9	f86f38b425bbb9ae	158211333	1
stream	clic-validation-067	low-latency	7399782	bc771b35afb288d9	d72b4c7cdf857515	150302750	1
stream	clic-validation-068	default	7730040	3ba6a7c1c5ecf844	2bfe545aae7a96d0	147195333	1
stream	clic-validation-068	single	8004572	3ba6a7c1c5ecf844	7ea539e392770403	70688291	1
stream	clic-validation-068	compact	7005466	3ba6a7c1c5ecf844	4cb7385c0a5f6638	153256375	1
stream	clic-validation-068	low-latency	7198452	3ba6a7c1c5ecf844	7a84e73f79b0fdc3	146761833	1
stream	clic-validation-069	default	7380496	3ae93d12110ca5c0	38a211aff95d8e19	113818375	1
stream	clic-validation-069	single	7034076	3ae93d12110ca5c0	17779fc152bbdddb	63106000	1
stream	clic-validation-069	compact	6211560	3ae93d12110ca5c0	99d66288192faf0e	151409125	1
stream	clic-validation-069	low-latency	6218740	3ae93d12110ca5c0	6b8bb6e5888b580f	150136500	1
stream	clic-validation-070	default	8045444	def8eca9ffd902d7	4af51241da936e60	109954000	1
stream	clic-validation-070	single	7597312	def8eca9ffd902d7	7c8a863230571eef	65423333	1
stream	clic-validation-070	compact	7163008	def8eca9ffd902d7	8a0ef1ddf72b58c1	158820333	1
stream	clic-validation-070	low-latency	7230868	def8eca9ffd902d7	75e2af3b24d7903e	153404208	1
stream	clic-validation-071	default	3617998	3f96a3a16399627a	b6e0d738ad2e8984	50107791	1
stream	clic-validation-071	single	3515174	3f96a3a16399627a	3ec791ce1bb9f6e2	28373750	1
stream	clic-validation-071	compact	3221288	3f96a3a16399627a	52e297ec31cd7584	69494000	1
stream	clic-validation-071	low-latency	3213510	3f96a3a16399627a	97871cdbb7768cd6	67184375	1
stream	clic-validation-072	default	6453320	70eaa592ad77ae32	528591338301c8ff	132267292	1
stream	clic-validation-072	single	6895976	70eaa592ad77ae32	654d8e742653c996	59144375	1
stream	clic-validation-072	compact	5618140	70eaa592ad77ae32	77a18569b2fbc676	144259083	1
stream	clic-validation-072	low-latency	5704026	70eaa592ad77ae32	516c79a825b68689	139793417	1
stream	clic-validation-073	default	7312914	135bd9114fb27ab3	5604df99ef269c41	143806500	1
stream	clic-validation-073	single	7484380	135bd9114fb27ab3	6e623b99a720d381	63469542	1
stream	clic-validation-073	compact	7178514	135bd9114fb27ab3	cdbc635b3c0e390d	156756166	1
stream	clic-validation-073	low-latency	7211752	135bd9114fb27ab3	8da5fa55b485fee4	151308125	1
stream	clic-validation-074	default	5578360	e0866a959ca3aa42	caa0f8d62325a345	83031334	1
stream	clic-validation-074	single	5524776	e0866a959ca3aa42	89c1be4872e2a831	47395791	1
stream	clic-validation-074	compact	5322948	e0866a959ca3aa42	816ee3f0f9174443	117242916	1
stream	clic-validation-074	low-latency	5084390	e0866a959ca3aa42	203b103a681adcf1	112492041	1
stream	clic-validation-075	default	8171036	5c5894edd102f6b4	c30c08bee1f212ba	106483625	1
stream	clic-validation-075	single	7708410	5c5894edd102f6b4	e93fd949e5508dc4	63276459	1
stream	clic-validation-075	compact	7194564	5c5894edd102f6b4	43d16d3a3736d65c	155221458	1
stream	clic-validation-075	low-latency	7239090	5c5894edd102f6b4	9b661c90bc2b4c19	153659333	1
stream	clic-validation-076	default	7158978	1eabffb9d8013a19	44ac70b20d29d6ce	152906583	1
stream	clic-validation-076	single	7314826	1eabffb9d8013a19	eadc2c3ccefbeec8	62356000	1
stream	clic-validation-076	compact	6453086	1eabffb9d8013a19	d50d78d82fc01862	157761125	1
stream	clic-validation-076	low-latency	6423696	1eabffb9d8013a19	3289d9488447ed8a	152348875	1
stream	clic-validation-077	default	5588582	f069d4212057ac2c	efa031f1c50a5821	152239708	1
stream	clic-validation-077	single	6109706	f069d4212057ac2c	3eecdc76bb8f0630	60522958	1
stream	clic-validation-077	compact	5599902	f069d4212057ac2c	4948a51b99e4ca0a	147102417	1
stream	clic-validation-077	low-latency	5607562	f069d4212057ac2c	4de4d8e62d041f24	143270458	1
stream	clic-validation-078	default	6526692	4bbd9f34beba4142	2a53b26dd723ee49	124309000	1
stream	clic-validation-078	single	6345390	4bbd9f34beba4142	52ab8fc61e20b62d	53396583	1
stream	clic-validation-078	compact	5704512	4bbd9f34beba4142	2a255306a6fe5cec	134201625	1
stream	clic-validation-078	low-latency	5829980	4bbd9f34beba4142	c437b08a4f9b00b6	130119667	1
stream	clic-validation-079	default	5798146	eef74678cce1313d	31e396f0ba0e4510	137613958	1
stream	clic-validation-079	single	4866506	eef74678cce1313d	d6234ddec94d484a	42051583	1
stream	clic-validation-079	compact	4473714	eef74678cce1313d	4e5ed975a9486b76	104323667	1
stream	clic-validation-079	low-latency	4555170	eef74678cce1313d	519953d348b80b9f	101172250	1
stream	clic-validation-080	default	7254536	dfebd5c23f876a0a	878df375d2da0743	154437459	1
stream	clic-validation-080	single	6964308	dfebd5c23f876a0a	253965cd9f1e06d2	66088875	1
stream	clic-validation-080	compact	6574580	dfebd5c23f876a0a	c83bdb93ed87567b	169783708	1
stream	clic-validation-080	low-latency	6602440	dfebd5c23f876a0a	9b06469307d8ff2d	164469500	1
stream	clic-validation-081	default	6976314	c537074dbedc40fd	9704834c605945aa	144962209	1
stream	clic-validation-081	single	6285874	c537074dbedc40fd	577a8837b97cea5f	58362292	1
stream	clic-validation-081	compact	5779970	c537074dbedc40fd	717ef9481eeae3d0	194980625	1
stream	clic-validation-081	low-latency	5682374	c537074dbedc40fd	ce218abaae12020d	148896500	1
stream	clic-validation-082	default	1819330	b524c7723a66276c	8c3c280b9393b2db	39624541	1
stream	clic-validation-082	single	1546030	b524c7723a66276c	87f5a66b468ab2ad	19257791	1
stream	clic-validation-082	compact	1512228	b524c7723a66276c	02853bd040c61d92	36802750	1
stream	clic-validation-082	low-latency	1515288	b524c7723a66276c	0b4d53409a18d975	33714542	1
stream	clic-validation-083	default	8137216	7645c39ab093488f	9f9f25ab9464bd70	108253833	1
stream	clic-validation-083	single	7592098	7645c39ab093488f	7231d2410f92f163	64488375	1
stream	clic-validation-083	compact	6906868	7645c39ab093488f	42f17e9711bffacd	159085375	1
stream	clic-validation-083	low-latency	6884388	7645c39ab093488f	7ed07fe066d325d7	152624875	1
stream	clic-validation-084	default	6603924	f3952a828fc73ff6	68b13cd92b5e09cb	139885042	1
stream	clic-validation-084	single	6645294	f3952a828fc73ff6	db78f46be373ebe5	59410292	1
stream	clic-validation-084	compact	5985856	f3952a828fc73ff6	b4715256de77ae39	140257708	1
stream	clic-validation-084	low-latency	6003064	f3952a828fc73ff6	0a6e01e57f00aae6	138105958	1
stream	clic-validation-085	default	2374290	e0efd336b8a5dcb7	a9e128767d4f8e60	48900208	1
stream	clic-validation-085	single	2150968	e0efd336b8a5dcb7	2e3d5ddfae7e878b	19272000	1
stream	clic-validation-085	compact	1935310	e0efd336b8a5dcb7	3bb7c8c455c4d0e0	50322542	1
stream	clic-validation-085	low-latency	1954892	e0efd336b8a5dcb7	042a6310fb0cd0bb	47979584	1
stream	clic-validation-086	default	7896452	378052dc67d7d575	55c08a0e17bbb4f8	109879084	1
stream	clic-validation-086	single	7681514	378052dc67d7d575	89f8be03f3b34a62	62417125	1
stream	clic-validation-086	compact	6780836	378052dc67d7d575	1e743676e5ace115	157402708	1
stream	clic-validation-086	low-latency	6923612	378052dc67d7d575	e6ac948487479676	152555375	1
stream	clic-validation-087	default	1519140	be944edf49513c00	2afc99029b871c3a	29888958	1
stream	clic-validation-087	single	1282818	be944edf49513c00	cec0b3e30a25192a	12533000	1
stream	clic-validation-087	compact	1235750	be944edf49513c00	42e2672672562a7e	30780667	1
stream	clic-validation-087	low-latency	1252050	be944edf49513c00	3d11aaacbd06d067	29184375	1
stream	clic-validation-088	default	3611208	fa9141d7d83a079f	99e8aa20d57b9908	68110875	1
stream	clic-validation-088	single	3648948	fa9141d7d83a079f	8e6122abd1c6be93	29004250	1
stream	clic-validation-088	compact	3237528	fa9141d7d83a079f	24045ef691bd1794	68802334	1
stream	clic-validation-088	low-latency	3293512	fa9141d7d83a079f	6f821c62cd11c834	67782833	1
stream	clic-validation-089	default	6934986	db77e9ad8988b63a	6b54aa3cefa4b798	96620459	1
stream	clic-validation-089	single	7139380	db77e9ad8988b63a	349e2210841ed484	56821458	1
stream	clic-validation-089	compact	6517422	db77e9ad8988b63a	28de7a31d88dd994	135879125	1
stream	clic-validation-089	low-latency	6529714	db77e9ad8988b63a	b2c2023de64d19af	132413042	1
stream	clic-validation-090	default	7071210	ddd8ddf61d76d463	aaa51f54429c0de0	146496000	1
stream	clic-validation-090	single	7274078	ddd8ddf61d76d463	4415fb9770d12c0a	63016709	1
stream	clic-validation-090	compact	6442454	ddd8ddf61d76d463	7b0cb344ee6cef72	153588542	1
stream	clic-validation-090	low-latency	6588194	ddd8ddf61d76d463	cf044e2f8eb01e32	150685666	1
stream	clic-validation-091	default	510020	69866a8aee5ba882	5915b7bd9547116d	11030375	1
stream	clic-validation-091	single	512866	69866a8aee5ba882	cef401f85fcb40ca	4607500	1
stream	clic-validation-091	compact	457864	69866a8aee5ba882	8d5a6ee6f3150327	11188792	1
stream	clic-validation-091	low-latency	486686	69866a8aee5ba882	b23e7aa91be6cff4	11132917	1
stream	clic-validation-092	default	7760750	b82355e044b44987	fd9832ee9f497e2d	147175083	1
stream	clic-validation-092	single	7146596	b82355e044b44987	b4675059f10f5803	64861500	1
stream	clic-validation-092	compact	6816046	b82355e044b44987	abaa8add5a233066	160650042	1
stream	clic-validation-092	low-latency	6821520	b82355e044b44987	8d13b469ff047be5	156038042	1
stream	clic-validation-093	default	3866136	80d25207be840909	0b6e70f173d6cbde	87742667	1
stream	clic-validation-093	single	3815786	80d25207be840909	5a16e9b7a4db68fb	35396042	1
stream	clic-validation-093	compact	3572272	80d25207be840909	70572a5ca5fcb0fa	91032625	1
stream	clic-validation-093	low-latency	3597412	80d25207be840909	ae92c4a29a21d468	89409333	1
stream	clic-validation-094	default	6741146	d1ff5ddc16403e68	2f3eaf15b4ad4b7d	139754500	1
stream	clic-validation-094	single	6851818	d1ff5ddc16403e68	20055153487130c4	63014792	1
stream	clic-validation-094	compact	5988924	d1ff5ddc16403e68	16528b0ca0d3b08a	148198041	1
stream	clic-validation-094	low-latency	6119372	d1ff5ddc16403e68	de8a7115a3089a84	144389625	1
stream	clic-validation-095	default	2841624	ee88e8fecd268d3a	b93e549abf93f567	39804250	1
stream	clic-validation-095	single	2973566	ee88e8fecd268d3a	73ba3d910c94190a	21431500	1
stream	clic-validation-095	compact	2710854	ee88e8fecd268d3a	035359020e6fe88d	54996458	1
stream	clic-validation-095	low-latency	2736452	ee88e8fecd268d3a	c28db55d1630dcc2	52443375	1
stream	clic-validation-096	default	944428	1e4cdbc4cf6f13dd	6a828d25c8ab679a	12112292	1
stream	clic-validation-096	single	843556	1e4cdbc4cf6f13dd	6e36105689d544ce	7256542	1
stream	clic-validation-096	compact	794174	1e4cdbc4cf6f13dd	7f8f03a046c6abcd	17123625	1
stream	clic-validation-096	low-latency	797744	1e4cdbc4cf6f13dd	e278ba2e39a76a5d	16300542	1
stream	clic-validation-097	default	5515280	d31f1726b4d9df99	a9d9def148b2059e	112124417	1
stream	clic-validation-097	single	5420662	d31f1726b4d9df99	9c7a4efcb89fa271	47497042	1
stream	clic-validation-097	compact	4853630	d31f1726b4d9df99	ec4179a61bedf764	120339958	1
stream	clic-validation-097	low-latency	4881750	d31f1726b4d9df99	8a95578a10aa252c	120627000	1
stream	clic-validation-098	default	7637990	110504762900a747	7670e3580876da05	107791250	1
stream	clic-validation-098	single	7771582	110504762900a747	d6f84e92ae37643c	62572417	1
stream	clic-validation-098	compact	7500734	110504762900a747	b429e1e43849874a	151615000	1
stream	clic-validation-098	low-latency	7582970	110504762900a747	154a05b8e087018e	142932584	1
stream	clic-validation-099	default	4737152	dc2d01dfdd9e0541	cb911c443b93a3f4	109638792	1
stream	clic-validation-099	single	4085166	dc2d01dfdd9e0541	85ec6c7c20f7d33a	42674208	1
stream	clic-validation-099	compact	3909204	dc2d01dfdd9e0541	376246ff0a35b910	98211541	1
stream	clic-validation-099	low-latency	3924250	dc2d01dfdd9e0541	4c18be5a9f1ddb41	95157500	1
stream	clic-validation-100	default	5626564	030fa08a2483fbad	4d9b6ec13f7d35a9	127356459	1
stream	clic-validation-100	single	6727018	030fa08a2483fbad	c149436b49fc23c7	60630125	1
stream	clic-validation-100	compact	5764820	030fa08a2483fbad	29f4e1bb58ccdde5	138988792	1
stream	clic-validation-100	low-latency	6078404	030fa08a2483fbad	6a1f1481453388be	136189791	1
stream	clic-validation-101	default	7480356	975d6f2cee75b9bc	7a80b417adc141af	145798167	1
stream	clic-validation-101	single	7060288	975d6f2cee75b9bc	b5e322c709becc07	65613625	1
stream	clic-validation-101	compact	6502912	975d6f2cee75b9bc	6281b57bf711d259	156236292	1
stream	clic-validation-101	low-latency	6552670	975d6f2cee75b9bc	3e99e1504d356f64	152262917	1
